Keyword,Intent,Volume,Keyword Difficulty,CPC (USD),SERP Features
how to become an energy broker,,30,,0.00,
what is an energy broker,,30,,0.00,
are energy brokers legit,,20,,0.00,
how do energy brokers make money,,20,,0.00,
how do i become an energy broker,,20,,0.00,
how many energy brokers are there in the uk,,20,,0.00,
how much do energy brokers make,,20,,0.00,
how to be an energy broker,,20,,0.00,
how to become a licensed energy broker,,20,,0.00,
how to become an energy broker in australia,,20,,0.00,
how to become an energy broker in texas,,20,,0.00,
how to become an energy broker uk,,20,,0.00,
what are energy brokers,,20,,0.00,
what do energy brokers do,,20,,0.00,
what does an energy broker do,,20,,0.00,
why use an energy broker,,20,,0.00,
how much do energy brokers make uk,,10,,0.00,
how to become a energy broker,,10,,0.00,
how to become energy broker,,10,,0.00,
are energy brokers happy,,0,,0.00,
are energy brokers regulated,,0,,0.00,
are lowri beck energy brokers,,0,,0.00,
are mitie energy brokers,,0,,0.00,
can a broker really help me save on energy costs,,0,,0.00,
can you broker domestic energy,,0,,0.00,
do energy brokers have to disclose commissions,,0,,0.00,
do energy brokers save you money,,0,,0.00,
do you need a license to be an energy broker,,0,,0.00,
do you need qualifications to be an energy broker,,0,,0.00,
haven energy broker,,0,,0.00,
how do energy brokers make money uk,,0,,0.00,
how do you become an energy broker,,0,,0.00,
how energy brokers work,,0,,0.00,
how green energy brokers purchase energy,,0,,0.00,
how many energy brokers in the uk,,0,,0.00,
how much does a commercial energy broker make,,0,,0.00,
how much does an energy broker cost,,0,,0.00,
how much does an energy broker make,,0,,0.00,
how much does an energy broker make uk,,0,,0.00,
how to arrange an energy broker agreement,,0,,0.00,
how to be an energy broker uk,,0,,0.00,
how to become a business energy broker,,0,,0.00,
how to become a energy broker uk,,0,,0.00,
how to become a residential energy broker,,0,,0.00,
how to become a solar energy broker,,0,,0.00,
how to become an energy broker in new york,,0,,0.00,
how to become an energy broker in ohio,,0,,0.00,
how to become an energy broker in uk,,0,,0.00,
how to become an energy broker residential uk,,0,,0.00,
how to become an independent energy broker,,0,,0.00,
how to bexom a residential energy broker uk,,0,,0.00,
how to broker energy,,0,,0.00,
how to compare the energy prices without brokers,,0,,0.00,
how to get an energy broker license,,0,,0.00,
how to reduce nuisance calls from energy brokers,,0,,0.00,
how to set up a energy broker,,0,,0.00,
how to set up as an energy broker,,0,,0.00,
how to start an energy broker uk,,0,,0.00,
how to start brokering energy,,0,,0.00,
how to understand an energy broker,,0,,0.00,
how tobecome an energy broker,,0,,0.00,
is an energy broker worth it,,0,,0.00,
is it cheaper to get energy prices through brokers,,0,,0.00,
should i use an energy broker,,0,,0.00,
what do the brokers think of sound energy,,0,,0.00,
what does a energy broker do,,0,,0.00,
what education do energy brokers have,,0,,0.00,
what is a energy broker,,0,,0.00,
what is an energy sub broker,,0,,0.00,
what personality traits do energy brokers have,,0,,0.00,
what states require an energy brokers licensing for business,,0,,0.00,
where do energy brokers get their prices from,,0,,0.00,
where do the energy brokers get their prices from,,0,,0.00,
who audits energy brokers,,0,,0.00,
who is the broker energy network,,0,,0.00,
who regulates energy brokers,,0,,0.00,
why should energy brokers see my bills,,0,,0.00,
would i make a good energy broker,,0,,0.00,
